id,ts,user_lat,user_lon,state,profile_used,temperature,humidity,n,p,k,ph,rainfall
4,2025-11-16 19:46:34.450367,30.901,75.8573,Punjab,Punjab (Ludhiana),15.29,27.0,100.0,10.0,70.0,8.5,300.0
3,2025-11-16 10:52:40.359798,18.5204,73.8567,Maharashtra,Maharashtra (Pune),27.41,33.0,60.0,30.0,30.0,6.5,700.0
2,2025-11-16 10:48:57.965831,30.901,75.8573,Punjab,Punjab (Ludhiana),24.87,14.0,60.0,30.0,30.0,6.5,700.0
1,2025-11-16 10:38:48.474143,31.1048,77.1734,Himachal Pradesh,Himachal (Shimla),11.9,52.0,60.0,30.0,30.0,6.5,700.0
5,2025-07-19T20:52:05.655981,21.250108,73.500586,Uttar Pradesh,Himachal (Shimla),28.41,69.0,109.2,14.3,31.1,5.1,367.0
6,2025-07-19T21:44:05.655981,24.589794,74.879114,Bihar,Punjab (Ludhiana),28.24,59.9,117.3,28.9,37.6,7.9,946.9
7,2025-07-19T23:22:05.655981,26.341399,72.896219,Rajasthan,UP (Lucknow),16.75,85.2,88.8,21.0,26.2,7.69,131.1
8,2025-07-20T03:53:05.655981,24.994005,72.386415,Maharashtra,Bihar (Patna),22.34,74.1,106.1,17.6,18.0,7.38,914.8
9,2025-07-20T02:09:05.655981,30.718881,83.239244,Haryana,Maharashtra (Pune),31.04,58.0,39.9,28.7,18.1,8.34,1387.5
10,2025-07-20T05:36:05.655981,22.65127,78.553476,Tamil Nadu,Himachal (Shimla),33.22,74.1,89.0,45.6,29.9,7.35,591.5
11,2025-07-20T02:11:05.655981,29.596354,69.417147,Uttar Pradesh,Maharashtra (Pune),26.72,38.9,33.2,56.8,38.6,6.65,1187.7
12,2025-07-20T07:29:05.655981,25.486135,76.437633,Bihar,UP (Lucknow),16.25,85.0,64.3,53.1,37.5,5.18,1499.0
13,2025-07-20T05:14:05.655981,22.898979,72.354018,Punjab,Bihar (Patna),28.39,29.0,51.4,12.5,33.8,8.22,820.1
14,2025-07-20T06:39:05.655981,27.69726,74.283677,Bihar,UP (Lucknow),13.27,67.0,65.7,56.5,56.8,5.03,950.7
15,2025-07-20T10:38:05.655981,23.993788,81.267774,Maharashtra,Maharashtra (Pune),12.89,32.0,75.3,23.6,40.2,7.51,345.2
16,2025-07-20T11:37:05.655981,28.056674,79.218137,Haryana,Punjab (Ludhiana),33.63,69.9,34.9,11.8,28.5,6.93,673.2
17,2025-07-20T09:25:05.655981,29.814162,68.495727,Karnataka,UP (Lucknow),30.06,81.2,101.1,23.3,49.4,5.38,1314.6
18,2025-07-20T09:09:05.655981,22.153418,87.408012,Maharashtra,Bihar (Patna),34.06,42.3,30.8,31.7,46.4,6.1,929.0
19,2025-07-20T10:58:05.655981,28.197543,74.006445,Bihar,UP (Lucknow),18.15,70.3,75.4,19.6,43.2,6.33,1134.8
20,2025-07-20T12:55:05.655981,27.727957,72.492813,Uttar Pradesh,Himachal (Shimla),10.61,40.9,67.5,52.5,13.6,6.45,963.2
21,2025-07-20T16:26:05.655981,30.878925,79.909046,Rajasthan,Bihar (Patna),30.38,83.0,62.7,55.3,32.3,5.56,1299.2
22,2025-07-20T14:44:05.655981,21.642289,76.151987,Rajasthan,UP (Lucknow),11.56,79.1,58.9,48.5,57.3,5.07,1327.0
23,2025-07-20T16:47:05.655981,27.688736,83.962846,Maharashtra,UP (Lucknow),32.99,88.7,73.4,55.3,39.6,7.32,171.7
24,2025-07-20T16:49:05.655981,27.501441,83.624661,Punjab,Punjab (Ludhiana),33.74,38.0,22.0,17.6,16.3,7.34,867.8
25,2025-07-20T16:33:05.655981,26.920979,84.611433,Uttar Pradesh,Punjab (Ludhiana),27.43,44.6,88.4,50.3,49.8,6.98,109.6
26,2025-07-20T21:30:05.655981,28.746415,77.297475,Bihar,Maharashtra (Pune),31.29,79.0,28.7,54.1,22.2,6.63,935.0
27,2025-07-20T21:58:05.655981,27.459029,77.816427,Punjab,Punjab (Ludhiana),17.36,51.3,44.3,43.2,28.5,6.94,548.4
28,2025-07-20T19:46:05.655981,29.326284,73.924929,Karnataka,Himachal (Shimla),17.56,71.0,32.7,12.3,12.7,6.02,1418.9
29,2025-07-20T21:11:05.655981,29.111421,86.982513,Haryana,Himachal (Shimla),12.96,74.7,80.6,49.5,21.3,6.83,703.2
30,2025-07-20T23:24:05.655981,21.326399,73.762098,Bihar,UP (Lucknow),11.78,40.2,46.5,49.6,39.5,7.81,336.8
31,2025-07-21T01:39:05.655981,21.804419,68.797216,Tamil Nadu,Maharashtra (Pune),25.09,26.7,42.9,43.7,53.0,7.05,80.1
32,2025-07-21T02:25:05.655981,27.936737,73.764356,Tamil Nadu,Bihar (Patna),10.92,30.7,45.2,15.8,48.6,8.03,1246.1
33,2025-07-21T01:57:05.655981,28.097828,74.215003,Punjab,Bihar (Patna),20.2,39.6,104.1,15.7,57.4,7.27,273.3
34,2025-07-21T00:56:05.655981,23.82839,73.971117,Rajasthan,Himachal (Shimla),21.16,56.5,53.2,48.1,28.9,8.26,1310.9
35,2025-07-21T05:40:05.655981,21.997117,86.208834,Punjab,Himachal (Shimla),20.25,67.6,35.4,33.5,58.5,6.18,1054.4
36,2025-07-21T03:46:05.655981,25.436786,81.880023,Punjab,Punjab (Ludhiana),18.11,28.6,55.8,31.5,22.2,6.44,1038.6
37,2025-07-21T08:55:05.655981,23.991542,87.240581,Bihar,UP (Lucknow),31.13,37.9,58.5,34.2,21.9,7.0,883.5
38,2025-07-21T05:44:05.655981,30.034037,80.926812,Bihar,UP (Lucknow),10.83,48.7,33.1,55.5,26.3,6.45,341.2
39,2025-07-21T10:40:05.655981,24.65775,83.813639,Punjab,Maharashtra (Pune),23.41,54.6,87.3,43.6,39.2,7.88,1413.4
40,2025-07-21T11:07:05.655981,22.161205,72.696001,Maharashtra,UP (Lucknow),21.34,68.6,94.3,57.3,31.0,7.6,274.1
41,2025-07-21T08:57:05.655981,30.490108,84.483822,Haryana,Himachal (Shimla),26.04,63.8,22.1,49.3,22.2,5.44,868.6
42,2025-07-21T11:58:05.655981,28.899847,72.758632,Karnataka,Punjab (Ludhiana),14.36,28.4,94.2,36.3,47.3,6.67,1178.1
43,2025-07-21T13:42:05.655981,21.734907,69.61581,Maharashtra,Punjab (Ludhiana),13.15,65.6,78.5,45.6,29.0,7.09,477.6
44,2025-07-21T12:13:05.655981,27.86821,77.485358,Haryana,Punjab (Ludhiana),12.33,31.3,93.9,50.6,37.8,7.05,864.3
45,2025-07-21T12:53:05.655981,28.626056,79.482,Tamil Nadu,Bihar (Patna),34.36,78.2,81.4,42.1,11.3,8.25,1252.7
46,2025-07-21T16:04:05.655981,24.116374,74.487658,Haryana,Punjab (Ludhiana),13.89,74.0,25.0,14.1,32.2,6.48,930.3
47,2025-07-21T16:23:05.655981,24.281224,68.154598,Tamil Nadu,Himachal (Shimla),13.23,59.6,43.0,37.9,43.4,6.24,625.8
48,2025-07-21T15:40:05.655981,25.367118,70.117263,Tamil Nadu,Bihar (Patna),20.01,30.1,107.1,47.3,21.1,7.73,160.8
49,2025-07-21T20:44:05.655981,27.429918,87.730639,Karnataka,Maharashtra (Pune),13.77,29.4,64.2,25.1,23.7,5.2,785.6
50,2025-07-21T21:11:05.655981,22.508611,69.237474,Haryana,Maharashtra (Pune),34.56,30.5,84.6,12.0,45.4,8.47,809.9
51,2025-07-21T20:45:05.655981,21.81502,81.272242,Karnataka,Maharashtra (Pune),34.19,70.4,59.2,39.8,56.9,6.08,596.2
52,2025-07-21T21:47:05.655981,29.763928,80.360629,Tamil Nadu,Himachal (Shimla),14.06,79.0,97.1,50.5,18.3,6.53,645.7
53,2025-07-21T21:37:05.655981,29.012592,70.767971,Bihar,Punjab (Ludhiana),26.03,81.8,75.5,15.1,52.3,7.98,463.3
54,2025-07-21T23:38:05.655981,30.308259,84.783526,Karnataka,Himachal (Shimla),13.44,43.6,103.0,44.8,16.9,7.47,700.5
55,2025-07-22T02:10:05.655981,26.96739,68.328707,Uttar Pradesh,Himachal (Shimla),17.28,25.1,55.3,38.5,19.4,7.34,809.1
56,2025-07-22T03:52:05.655981,28.35187,74.650372,Punjab,Maharashtra (Pune),23.65,77.9,37.5,49.0,33.2,7.43,966.0
57,2025-07-22T02:44:05.655981,23.732166,83.986848,Tamil Nadu,UP (Lucknow),28.58,83.2,58.7,58.7,34.8,6.74,1390.3
58,2025-07-22T04:37:05.655981,23.745554,87.600546,Punjab,Punjab (Ludhiana),26.78,51.4,71.3,47.5,18.0,5.11,1280.6
59,2025-07-22T02:53:05.655981,21.259133,71.720961,Tamil Nadu,Bihar (Patna),12.94,75.4,90.4,20.7,40.6,7.43,1498.0
60,2025-07-22T06:00:05.655981,26.087557,70.427249,Uttar Pradesh,Himachal (Shimla),15.92,57.1,56.1,38.6,33.4,8.44,238.2
61,2025-07-22T08:37:05.655981,27.397939,71.639263,Maharashtra,UP (Lucknow),22.57,81.4,103.1,35.9,25.2,5.57,1405.4
62,2025-07-22T09:43:05.655981,21.411943,85.275624,Haryana,Punjab (Ludhiana),33.71,75.1,46.5,20.5,38.6,7.16,93.9
63,2025-07-22T09:19:05.655981,22.307662,75.410804,Haryana,Maharashtra (Pune),16.04,33.0,65.0,17.0,12.5,8.31,1303.0
64,2025-07-22T07:19:05.655981,21.505404,77.897884,Rajasthan,Maharashtra (Pune),23.42,80.1,63.1,54.1,46.4,7.67,580.6
65,2025-07-22T09:36:05.655981,27.02463,76.027742,Punjab,Punjab (Ludhiana),10.97,71.4,100.4,36.0,17.4,8.13,252.7
66,2025-07-22T12:57:05.655981,23.655304,81.111819,Uttar Pradesh,Punjab (Ludhiana),24.59,36.1,82.9,41.0,52.1,5.52,1037.1
67,2025-07-22T14:24:05.655981,24.768248,87.13371,Rajasthan,Bihar (Patna),18.56,48.0,97.2,46.0,42.2,7.43,934.6
68,2025-07-22T13:51:05.655981,30.546089,84.092317,Bihar,Punjab (Ludhiana),17.19,71.4,54.6,32.1,22.8,6.68,343.0
69,2025-07-22T15:23:05.655981,27.528928,85.612949,Rajasthan,UP (Lucknow),26.26,74.1,48.7,24.3,13.0,7.69,995.8
70,2025-07-22T15:20:05.655981,25.543491,80.826248,Rajasthan,Himachal (Shimla),31.28,55.4,39.3,15.6,18.1,6.61,423.0
71,2025-07-22T16:40:05.655981,30.358254,68.136602,Tamil Nadu,Himachal (Shimla),21.17,42.4,53.0,39.1,38.6,5.92,571.4
72,2025-07-22T18:27:05.655981,28.019407,86.255938,Uttar Pradesh,Himachal (Shimla),27.01,63.7,98.7,36.3,36.4,6.27,1380.0
73,2025-07-22T20:41:05.655981,25.623783,84.138307,Punjab,UP (Lucknow),16.36,25.2,41.8,13.7,31.2,7.45,834.7
74,2025-07-22T17:55:05.655981,22.784736,78.74517,Maharashtra,Himachal (Shimla),30.87,74.2,117.8,33.2,46.0,6.48,600.0
75,2025-07-22T20:00:05.655981,28.405411,76.045307,Uttar Pradesh,Bihar (Patna),15.43,81.1,25.6,35.2,24.5,7.86,1110.7
76,2025-07-22T23:23:05.655981,24.187345,76.326493,Maharashtra,Maharashtra (Pune),19.41,74.0,67.4,52.5,25.0,7.48,1218.4
77,2025-07-22T20:32:05.655981,22.881633,83.233928,Uttar Pradesh,UP (Lucknow),15.22,84.0,50.3,55.4,20.6,5.67,1125.1
78,2025-07-22T22:39:05.655981,24.707049,76.278603,Uttar Pradesh,Himachal (Shimla),10.41,61.0,78.4,46.0,24.8,5.69,383.5
79,2025-07-23T02:23:05.655981,21.338238,84.933948,Punjab,Punjab (Ludhiana),20.31,79.8,43.1,45.4,10.5,6.77,591.1
80,2025-07-22T23:44:05.655981,26.243854,72.819377,Bihar,Maharashtra (Pune),16.68,50.8,57.3,30.3,38.3,8.47,377.5
81,2025-07-23T02:13:05.655981,21.46562,69.486961,Bihar,Bihar (Patna),24.09,27.1,112.9,25.7,58.1,7.05,1140.8
82,2025-07-23T04:38:05.655981,23.32144,69.520365,Tamil Nadu,Maharashtra (Pune),10.74,42.8,119.3,34.5,27.8,8.29,676.2
83,2025-07-23T02:47:05.655981,22.32507,71.747836,Rajasthan,Bihar (Patna),23.87,51.5,22.6,27.7,14.7,7.09,520.4
84,2025-07-23T07:02:05.655981,28.826666,75.222498,Uttar Pradesh,UP (Lucknow),24.85,37.7,30.7,25.2,57.4,6.16,949.3
85,2025-07-23T06:41:05.655981,24.760553,84.32989,Tamil Nadu,Maharashtra (Pune),12.85,61.7,79.2,37.3,44.1,6.93,1431.9
86,2025-07-23T08:44:05.655981,30.907006,77.584694,Tamil Nadu,Bihar (Patna),22.67,84.8,89.2,37.2,49.5,6.26,1348.5
87,2025-07-23T08:07:05.655981,23.220011,82.937061,Uttar Pradesh,UP (Lucknow),19.35,55.1,88.0,44.5,17.5,8.49,750.0
88,2025-07-23T07:53:05.655981,21.225851,74.861559,Haryana,Himachal (Shimla),33.25,73.1,71.6,37.6,26.5,6.49,720.0
89,2025-07-23T12:29:05.655981,22.869598,74.519698,Rajasthan,Punjab (Ludhiana),16.56,81.1,72.8,42.0,39.8,7.14,901.2
90,2025-07-23T12:31:05.655981,22.857537,80.710033,Maharashtra,Bihar (Patna),14.17,43.8,38.7,52.1,41.0,8.03,1430.2
91,2025-07-23T11:50:05.655981,26.376086,71.36418,Rajasthan,Bihar (Patna),28.56,74.8,75.0,15.7,15.7,7.71,1243.8
92,2025-07-23T14:34:05.655981,22.659816,70.784699,Uttar Pradesh,Himachal (Shimla),30.14,62.1,73.2,39.8,18.4,8.43,474.3
93,2025-07-23T15:27:05.655981,24.751723,69.510325,Haryana,UP (Lucknow),22.89,43.1,113.6,28.5,57.5,6.15,53.6
94,2025-07-23T13:18:05.655981,21.995747,83.677795,Rajasthan,Punjab (Ludhiana),13.11,80.7,64.1,10.0,57.9,5.71,1048.5
95,2025-07-23T14:43:05.655981,21.010863,77.536134,Maharashtra,Bihar (Patna),15.65,69.2,20.9,44.8,50.9,8.46,662.4
96,2025-07-23T19:43:05.655981,21.084747,81.000404,Rajasthan,Maharashtra (Pune),28.06,65.8,35.1,30.6,44.3,8.01,175.7
97,2025-07-23T17:40:05.655981,26.177491,78.190451,Tamil Nadu,Maharashtra (Pune),26.15,75.9,99.4,22.0,29.3,5.84,975.2
98,2025-07-23T17:29:05.655981,21.137934,72.314859,Punjab,UP (Lucknow),22.67,65.9,70.1,30.8,45.1,5.29,828.0
99,2025-07-23T18:39:05.655981,30.246278,70.319732,Punjab,Maharashtra (Pune),26.65,67.8,37.6,10.6,16.9,5.04,769.8
100,2025-07-23T19:23:05.655981,25.9961,79.337723,Karnataka,Himachal (Shimla),16.38,31.7,77.4,46.1,21.4,6.78,113.9
101,2025-07-23T20:56:05.655981,26.020409,86.03882,Maharashtra,Himachal (Shimla),30.11,88.8,115.4,13.4,33.3,5.99,1275.0
102,2025-07-23T21:07:05.655981,23.329977,74.928474,Punjab,Maharashtra (Pune),10.04,67.7,104.9,46.4,15.2,6.85,395.3
103,2025-07-24T01:37:05.655981,27.624439,70.614166,Bihar,Maharashtra (Pune),31.27,85.2,59.3,51.6,26.3,6.58,388.7
104,2025-07-24T00:45:05.655981,29.359248,74.555873,Haryana,Himachal (Shimla),34.21,50.8,24.9,24.9,51.0,5.61,1430.5
105,2025-07-24T00:33:05.655981,21.218002,69.289441,Rajasthan,Himachal (Shimla),12.3,80.1,100.9,16.1,57.1,5.18,1390.0
106,2025-07-24T01:26:05.655981,21.877216,75.660306,Tamil Nadu,Himachal (Shimla),26.07,76.8,44.9,59.7,37.2,5.07,604.6
107,2025-07-24T03:16:05.655981,22.001343,81.137288,Bihar,Bihar (Patna),30.41,84.6,25.6,59.8,21.0,7.96,1206.2
108,2025-07-24T07:06:05.655981,21.379637,69.12336,Uttar Pradesh,Punjab (Ludhiana),23.16,25.0,111.8,20.1,16.5,7.51,1382.2
109,2025-07-24T08:04:05.655981,27.491803,71.484053,Karnataka,Himachal (Shimla),26.64,77.9,57.8,46.7,24.7,5.62,52.6
110,2025-07-24T07:46:05.655981,25.466299,73.304249,Uttar Pradesh,Punjab (Ludhiana),18.76,76.2,92.0,12.4,31.9,6.47,291.2
111,2025-07-24T06:33:05.655981,26.470463,85.962483,Haryana,Maharashtra (Pune),24.85,64.9,68.3,11.5,57.1,5.58,1340.1
112,2025-07-24T10:33:05.655981,21.876284,84.477946,Rajasthan,Himachal (Shimla),12.42,38.5,83.8,58.9,33.7,5.4,1188.1
113,2025-07-24T12:32:05.655981,25.139867,83.129138,Uttar Pradesh,Bihar (Patna),11.52,50.2,72.3,58.3,44.4,8.28,880.4
114,2025-07-24T10:38:05.655981,30.972692,80.544524,Bihar,Maharashtra (Pune),32.77,84.4,26.7,29.4,29.9,6.14,450.5
115,2025-07-24T14:03:05.655981,26.720232,77.460932,Maharashtra,Maharashtra (Pune),20.07,65.2,88.1,30.1,29.8,8.08,1051.2
116,2025-07-24T14:28:05.655981,27.049791,69.785737,Rajasthan,Himachal (Shimla),32.84,51.5,68.4,35.8,28.7,5.2,1197.7
117,2025-07-24T15:52:05.655981,26.051264,80.708196,Haryana,Punjab (Ludhiana),16.05,56.8,64.6,58.0,33.7,6.93,549.2
118,2025-07-24T14:02:05.655981,27.473716,80.022839,Punjab,Himachal (Shimla),16.31,77.3,50.5,58.4,42.1,6.48,595.9
119,2025-07-24T16:16:05.655981,27.405947,85.229832,Bihar,Maharashtra (Pune),14.71,58.6,44.0,12.8,52.9,7.84,635.9
120,2025-07-24T19:14:05.655981,24.001948,71.399733,Maharashtra,Maharashtra (Pune),12.44,33.3,45.9,50.4,48.1,5.64,1035.6
121,2025-07-24T20:11:05.655981,22.198159,81.613955,Bihar,UP (Lucknow),11.35,80.5,33.7,20.0,30.5,6.99,1364.6
122,2025-07-24T17:40:05.655981,22.29406,76.674228,Tamil Nadu,UP (Lucknow),20.73,56.0,20.5,36.7,46.5,8.33,1343.4
123,2025-07-24T21:37:05.655981,29.87974,87.909448,Karnataka,UP (Lucknow),18.98,37.2,114.8,55.9,30.2,5.8,1104.4
124,2025-07-24T19:54:05.655981,25.167756,75.605075,Bihar,UP (Lucknow),27.55,38.4,88.6,10.5,31.0,5.35,804.4
125,2025-07-25T00:01:05.655981,24.306036,68.05476,Haryana,Punjab (Ludhiana),30.88,68.5,34.9,14.5,35.6,7.53,196.9
126,2025-07-24T22:22:05.655981,24.286608,85.890552,Bihar,Punjab (Ludhiana),19.32,47.3,31.4,30.0,32.8,7.92,1050.4
127,2025-07-25T02:02:05.655981,30.20398,70.25875,Tamil Nadu,UP (Lucknow),11.15,42.0,51.4,45.2,43.9,7.69,886.1
128,2025-07-25T00:19:05.655981,21.748652,77.832959,Uttar Pradesh,Maharashtra (Pune),34.25,28.3,42.3,42.2,30.2,5.82,715.7
129,2025-07-25T00:41:05.655981,28.917833,87.263425,Bihar,Bihar (Patna),24.06,67.5,65.6,27.0,51.3,7.86,1274.3
130,2025-07-25T01:49:05.655981,23.542893,71.918429,Haryana,UP (Lucknow),15.39,78.6,39.1,26.9,47.9,5.16,968.2
131,2025-07-25T03:00:05.655981,22.03554,81.150436,Karnataka,Bihar (Patna),32.03,52.2,80.9,44.6,22.4,6.39,547.1
132,2025-07-25T04:26:05.655981,26.038934,81.886239,Karnataka,Punjab (Ludhiana),29.02,61.5,78.3,57.1,45.5,7.36,1346.1
133,2025-07-25T04:26:05.655981,27.905949,73.902811,Punjab,Maharashtra (Pune),30.35,31.7,106.8,47.0,53.2,7.6,863.8
134,2025-07-25T06:34:05.655981,23.941777,71.548518,Haryana,Himachal (Shimla),34.06,72.8,31.9,12.0,24.0,5.92,283.3
135,2025-07-25T10:24:05.655981,23.19962,71.677382,Haryana,Bihar (Patna),13.98,60.3,60.3,27.5,54.2,7.32,530.0
136,2025-07-25T09:06:05.655981,26.402373,73.65658,Karnataka,Bihar (Patna),30.07,54.0,24.4,54.9,19.6,6.8,1424.9
137,2025-07-25T10:44:05.655981,21.378863,69.464961,Maharashtra,Maharashtra (Pune),23.95,62.4,42.8,22.9,29.4,7.21,677.9
138,2025-07-25T12:57:05.655981,22.563235,72.397315,Tamil Nadu,Bihar (Patna),17.37,66.2,49.8,54.3,58.3,8.03,989.5
139,2025-07-25T11:29:05.655981,23.20788,84.694967,Uttar Pradesh,Punjab (Ludhiana),14.53,77.0,105.2,52.6,56.6,8.48,718.8
140,2025-07-25T15:54:05.655981,22.52395,79.337238,Karnataka,UP (Lucknow),14.22,45.4,98.6,45.6,42.0,5.97,571.3
141,2025-07-25T12:04:05.655981,29.495873,80.63253,Tamil Nadu,Bihar (Patna),15.32,27.4,46.1,54.7,37.0,7.29,265.5
142,2025-07-25T17:02:05.655981,30.391753,68.808397,Rajasthan,Himachal (Shimla),11.57,49.0,24.3,20.3,55.4,6.26,731.0
143,2025-07-25T15:49:05.655981,26.163718,75.05796,Karnataka,UP (Lucknow),29.82,82.7,20.7,54.1,32.0,5.8,796.1
144,2025-07-25T15:06:05.655981,23.436703,70.557702,Maharashtra,Himachal (Shimla),25.74,27.5,77.2,12.8,22.9,5.63,1439.4
145,2025-07-25T16:30:05.655981,23.298138,75.709238,Haryana,Punjab (Ludhiana),15.06,80.9,70.4,31.0,17.5,5.34,740.0
146,2025-07-25T20:10:05.655981,24.505178,84.092421,Haryana,UP (Lucknow),13.35,56.0,43.3,53.0,24.2,8.07,642.5
147,2025-07-25T20:16:05.655981,30.917987,75.949083,Uttar Pradesh,UP (Lucknow),23.8,61.2,37.9,38.0,34.2,8.46,887.6
148,2025-07-25T19:41:05.655981,29.232555,77.433373,Tamil Nadu,Punjab (Ludhiana),11.6,39.4,28.0,11.9,29.2,8.45,940.3
149,2025-07-25T20:39:05.655981,30.968171,83.593458,Karnataka,UP (Lucknow),20.14,38.0,21.5,45.2,56.0,6.92,1102.9
150,2025-07-26T01:17:05.655981,30.567093,85.522261,Bihar,UP (Lucknow),34.15,61.6,97.0,47.9,58.1,6.61,718.0
151,2025-07-26T02:38:05.655981,30.313962,77.531109,Karnataka,Himachal (Shimla),32.36,42.5,114.7,44.2,55.5,6.75,339.5
152,2025-07-26T03:01:05.655981,24.711965,74.308338,Bihar,UP (Lucknow),14.57,74.7,71.1,29.9,47.5,5.45,812.3
153,2025-07-26T04:35:05.655981,23.62849,73.388165,Karnataka,Maharashtra (Pune),14.6,52.6,61.9,47.6,28.3,6.4,703.6
154,2025-07-26T05:04:05.655981,24.000342,79.242769,Punjab,UP (Lucknow),12.47,35.6,41.5,22.7,51.9,5.34,1129.7
155,2025-07-26T02:35:05.655981,24.81071,73.730472,Maharashtra,Himachal (Shimla),26.01,85.4,62.2,40.6,30.2,8.17,164.7
156,2025-07-26T04:55:05.655981,27.620225,86.808747,Haryana,Himachal (Shimla),14.17,31.7,26.4,53.9,37.4,5.09,625.7
157,2025-07-26T07:54:05.655981,30.749815,78.811683,Bihar,Bihar (Patna),21.12,88.0,89.8,18.9,39.9,7.21,972.0
158,2025-07-26T09:06:05.655981,30.469575,77.541341,Punjab,UP (Lucknow),29.95,63.8,99.7,37.4,19.4,8.09,683.8
159,2025-07-26T07:28:05.655981,22.36624,70.207127,Rajasthan,Bihar (Patna),21.32,70.5,69.2,26.0,17.6,8.39,82.1
160,2025-07-26T07:23:05.655981,23.665036,75.848436,Rajasthan,Himachal (Shimla),14.8,79.7,101.7,51.4,16.1,7.69,411.0
161,2025-07-26T10:04:05.655981,25.812296,73.976262,Karnataka,Punjab (Ludhiana),31.59,39.2,31.3,41.6,26.2,5.59,450.3
162,2025-07-26T13:29:05.655981,28.914662,70.516549,Uttar Pradesh,Maharashtra (Pune),34.54,76.3,95.7,50.3,31.9,5.68,1049.4
163,2025-07-26T13:45:05.655981,23.956727,73.266985,Karnataka,UP (Lucknow),10.02,66.5,57.9,19.3,10.9,8.0,1175.2
164,2025-07-26T12:01:05.655981,22.786388,68.625475,Haryana,UP (Lucknow),14.79,27.1,84.2,29.4,34.5,7.18,905.9
165,2025-07-26T14:11:05.655981,26.290208,82.686007,Bihar,Punjab (Ludhiana),33.62,87.4,29.7,46.3,36.6,5.66,813.0
166,2025-07-26T17:36:05.655981,30.91463,74.493082,Karnataka,UP (Lucknow),29.1,53.0,92.6,40.4,38.2,5.75,1160.3
167,2025-07-26T18:38:05.655981,26.112715,79.413364,Maharashtra,Punjab (Ludhiana),10.94,48.1,33.8,28.4,39.1,5.82,1226.1
168,2025-07-26T18:28:05.655981,30.302461,70.410811,Uttar Pradesh,Bihar (Patna),33.22,66.2,83.2,12.7,36.2,6.12,869.1
169,2025-07-26T20:11:05.655981,25.344911,81.95741,Maharashtra,UP (Lucknow),23.98,56.7,85.2,19.8,40.8,7.57,407.1
170,2025-07-26T18:09:05.655981,25.404634,86.484264,Uttar Pradesh,Himachal (Shimla),27.13,35.1,92.8,14.3,47.0,5.85,950.5
171,2025-07-26T21:07:05.655981,26.830049,81.270567,Punjab,Maharashtra (Pune),14.26,43.5,98.9,40.9,12.7,7.29,62.1
172,2025-07-26T23:42:05.655981,30.2635,68.429769,Uttar Pradesh,Bihar (Patna),17.62,56.8,94.4,10.9,44.2,6.24,488.4
173,2025-07-26T23:28:05.655981,23.403608,71.054983,Bihar,Bihar (Patna),18.23,60.2,40.7,16.9,37.1,7.8,1300.8
174,2025-07-26T23:38:05.655981,29.801319,76.280803,Tamil Nadu,Maharashtra (Pune),21.08,85.7,109.4,56.7,23.7,7.73,204.8
175,2025-07-26T23:18:05.655981,22.932598,68.644591,Punjab,Maharashtra (Pune),33.75,39.5,87.1,20.1,20.2,5.62,1434.3
176,2025-07-27T03:20:05.655981,26.378691,87.676613,Punjab,Bihar (Patna),19.68,74.7,116.3,19.5,32.0,8.1,1171.8
177,2025-07-27T03:26:05.655981,24.234609,68.498242,Rajasthan,Bihar (Patna),32.42,83.2,108.3,14.5,26.2,7.27,1081.6
178,2025-07-27T02:18:05.655981,29.688185,71.577335,Punjab,UP (Lucknow),17.7,72.5,116.1,24.4,19.0,8.14,1442.6
179,2025-07-27T02:20:05.655981,22.8484,69.101279,Karnataka,Punjab (Ludhiana),13.63,27.1,77.8,40.2,26.6,5.31,207.9
180,2025-07-27T05:24:05.655981,25.708168,70.440465,Bihar,Maharashtra (Pune),23.18,59.1,89.6,40.6,15.5,7.55,962.0
181,2025-07-27T03:55:05.655981,22.182071,77.297713,Haryana,Himachal (Shimla),29.99,89.9,61.4,26.7,38.0,7.23,66.4
182,2025-07-27T08:57:05.655981,28.972544,80.913044,Rajasthan,Himachal (Shimla),25.68,83.0,73.7,26.8,49.2,6.45,1126.7
183,2025-07-27T08:32:05.655981,28.052662,74.289988,Punjab,Maharashtra (Pune),20.35,57.3,43.8,32.6,57.5,5.76,488.4
184,2025-07-27T08:40:05.655981,28.245706,77.187368,Haryana,Punjab (Ludhiana),17.77,27.9,104.8,53.6,26.7,8.11,199.5
185,2025-07-27T12:36:05.655981,24.184849,70.831137,Bihar,Bihar (Patna),16.12,29.6,81.3,26.9,32.2,5.46,732.6
186,2025-07-27T09:44:05.655981,25.555842,81.689559,Rajasthan,UP (Lucknow),15.79,39.5,106.1,40.8,55.6,6.37,1064.4
187,2025-07-27T12:29:05.655981,26.327456,76.016329,Tamil Nadu,Himachal (Shimla),25.52,60.6,117.4,29.2,27.0,7.85,906.9
188,2025-07-27T11:50:05.655981,27.855087,79.928108,Tamil Nadu,Maharashtra (Pune),22.36,67.9,29.1,50.9,54.4,8.16,972.4
189,2025-07-27T16:53:05.655981,21.081193,87.728433,Tamil Nadu,Himachal (Shimla),31.31,29.1,110.1,58.4,10.0,6.96,1469.1
190,2025-07-27T15:22:05.655981,30.97456,81.401322,Maharashtra,Punjab (Ludhiana),11.79,26.0,92.1,34.3,31.8,8.47,172.8
191,2025-07-27T14:14:05.655981,26.681496,82.097651,Haryana,Bihar (Patna),22.04,69.9,34.2,46.6,59.2,8.44,1179.4
192,2025-07-27T18:30:05.655981,24.529145,87.55521,Bihar,Maharashtra (Pune),14.19,70.2,79.8,25.2,49.3,5.91,962.5
193,2025-07-27T17:12:05.655981,27.591556,75.395337,Maharashtra,Maharashtra (Pune),29.56,40.4,38.1,36.4,11.7,8.44,1452.7
194,2025-07-27T20:09:05.655981,27.8351,75.80141,Bihar,Himachal (Shimla),23.26,53.3,48.9,49.9,29.1,6.1,818.9
195,2025-07-27T22:21:05.655981,24.374066,81.805567,Maharashtra,Maharashtra (Pune),23.69,68.7,103.2,10.6,14.9,5.36,696.6
196,2025-07-27T19:51:05.655981,27.956536,73.066715,Rajasthan,Punjab (Ludhiana),25.97,85.0,47.6,31.3,55.2,7.69,518.9
197,2025-07-27T23:35:05.655981,23.183865,80.866763,Rajasthan,Maharashtra (Pune),12.58,29.7,77.1,22.5,32.3,8.14,265.8
198,2025-07-27T21:57:05.655981,26.672439,86.700844,Karnataka,Maharashtra (Pune),27.05,51.0,83.2,57.9,14.5,6.87,1443.3
199,2025-07-27T23:33:05.655981,21.253646,87.927671,Uttar Pradesh,UP (Lucknow),19.72,76.5,84.3,35.0,58.2,7.84,1451.5
200,2025-07-28T00:07:05.655981,25.888947,68.38126,Punjab,Himachal (Shimla),27.53,33.5,37.2,12.5,25.4,7.78,711.5
201,2025-07-28T00:18:05.655981,26.930853,74.710075,Haryana,Maharashtra (Pune),13.53,52.0,89.6,37.7,31.9,8.24,109.0
202,2025-07-28T03:13:05.655981,26.230869,76.240626,Maharashtra,Bihar (Patna),27.29,63.8,91.7,40.6,14.4,7.89,486.7
203,2025-07-28T03:16:05.655981,27.701426,68.862312,Karnataka,Maharashtra (Pune),15.24,41.3,81.7,54.5,32.7,5.37,126.1
204,2025-07-28T03:45:05.655981,23.371184,76.251909,Uttar Pradesh,UP (Lucknow),32.28,29.8,78.5,12.7,31.8,5.76,933.7
205,2025-07-28T05:15:05.655981,28.89547,80.759984,Maharashtra,Bihar (Patna),34.25,80.6,28.6,52.8,34.5,8.48,907.8
206,2025-07-28T09:13:05.655981,21.336206,78.622435,Rajasthan,Punjab (Ludhiana),21.31,40.6,75.8,10.6,46.6,8.32,242.4
207,2025-07-28T06:31:05.655981,24.848793,81.815013,Punjab,Maharashtra (Pune),20.65,42.5,114.6,37.1,49.7,7.76,167.4
208,2025-07-28T08:50:05.655981,24.204638,85.958661,Tamil Nadu,Maharashtra (Pune),11.36,49.2,65.2,35.1,51.5,6.65,821.3
209,2025-07-28T10:16:05.655981,22.120246,70.959081,Maharashtra,Himachal (Shimla),23.02,65.8,49.3,58.5,37.1,5.46,552.7
210,2025-07-28T10:51:05.655981,25.842431,87.414481,Punjab,Himachal (Shimla),18.83,54.6,36.6,56.2,45.6,6.0,1461.1
211,2025-07-28T14:28:05.655981,24.015598,86.40868,Tamil Nadu,UP (Lucknow),29.21,86.6,112.8,17.8,58.5,6.91,785.7
212,2025-07-28T13:42:05.655981,21.550336,80.826253,Uttar Pradesh,Maharashtra (Pune),14.89,30.4,104.9,43.9,57.9,8.42,621.9
213,2025-07-28T15:27:05.655981,29.036855,73.77268,Tamil Nadu,UP (Lucknow),13.49,63.2,28.6,20.4,33.7,8.04,1480.6
214,2025-07-28T17:54:05.655981,24.039144,79.185621,Rajasthan,Himachal (Shimla),10.67,25.2,46.3,57.8,51.7,6.65,998.0
215,2025-07-28T17:06:05.655981,26.125259,79.505274,Bihar,Himachal (Shimla),24.54,34.5,66.1,44.7,27.9,5.19,573.7
216,2025-07-28T17:13:05.655981,27.854437,81.766933,Haryana,Bihar (Patna),24.5,78.5,21.3,35.9,28.7,6.7,543.5
217,2025-07-28T19:41:05.655981,29.897264,79.952973,Karnataka,Himachal (Shimla),27.75,26.9,101.5,21.1,52.8,5.5,378.5
218,2025-07-28T19:04:05.655981,21.432815,74.032916,Punjab,Punjab (Ludhiana),29.56,84.8,40.5,55.1,19.2,6.23,181.6
219,2025-07-28T18:45:05.655981,30.242321,86.409544,Rajasthan,Maharashtra (Pune),27.45,37.0,87.4,15.4,51.7,8.43,664.9
220,2025-07-28T22:42:05.655981,23.258734,76.145644,Tamil Nadu,Himachal (Shimla),31.42,83.2,100.2,57.0,28.4,5.04,1027.5
221,2025-07-28T20:57:05.655981,23.328696,76.494084,Rajasthan,Maharashtra (Pune),29.12,74.8,79.4,47.8,50.0,8.3,566.3
222,2025-07-28T21:08:05.655981,30.720726,75.65266,Karnataka,Himachal (Shimla),17.57,65.5,96.0,43.1,36.0,6.72,725.7
223,2025-07-29T02:40:05.655981,27.59411,83.587649,Maharashtra,UP (Lucknow),20.77,45.3,58.9,48.2,38.4,6.72,853.0
224,2025-07-29T02:02:05.655981,24.488768,82.841143,Punjab,Maharashtra (Pune),19.51,52.8,119.2,30.6,12.8,5.85,390.2
225,2025-07-29T02:37:05.655981,24.777376,75.806016,Haryana,UP (Lucknow),12.5,68.9,53.6,35.1,48.2,6.19,941.5
226,2025-07-29T03:14:05.655981,21.672698,84.023713,Rajasthan,UP (Lucknow),15.24,76.7,85.2,25.1,50.2,6.52,832.9
227,2025-07-29T06:44:05.655981,28.266151,69.197633,Uttar Pradesh,Maharashtra (Pune),21.56,40.6,94.6,48.3,52.2,6.44,1297.3
228,2025-07-29T04:38:05.655981,22.593585,70.728613,Bihar,Maharashtra (Pune),26.47,36.4,105.3,58.2,34.3,5.07,1296.4
229,2025-07-29T08:09:05.655981,29.845649,72.761537,Haryana,Maharashtra (Pune),18.23,63.0,59.0,47.4,21.8,6.48,259.2
230,2025-07-29T07:32:05.655981,21.210742,87.336103,Punjab,Punjab (Ludhiana),27.27,76.3,44.0,37.6,25.5,8.35,576.1
231,2025-07-29T06:12:05.655981,23.740365,69.601891,Rajasthan,UP (Lucknow),28.42,85.2,53.3,31.1,55.9,5.35,282.5
232,2025-07-29T11:49:05.655981,21.822321,71.156449,Maharashtra,Bihar (Patna),27.14,76.5,51.9,33.9,46.8,5.91,1046.8
233,2025-07-29T08:20:05.655981,25.010349,76.578067,Bihar,Himachal (Shimla),12.23,48.9,114.7,15.9,45.9,6.52,1384.0
234,2025-07-29T12:29:05.655981,22.803699,83.849271,Punjab,Maharashtra (Pune),34.4,40.3,65.1,22.4,39.1,7.27,174.3
235,2025-07-29T09:57:05.655981,23.536569,80.393158,Bihar,UP (Lucknow),26.78,33.6,109.2,12.1,19.0,5.59,764.6
236,2025-07-29T15:19:05.655981,24.130103,85.853436,Karnataka,UP (Lucknow),29.09,34.8,105.3,42.9,49.9,5.19,265.5
237,2025-07-29T14:53:05.655981,21.935779,85.363462,Maharashtra,Himachal (Shimla),28.75,78.5,76.3,43.2,20.6,8.49,56.0
238,2025-07-29T17:00:05.655981,25.540555,87.104031,Punjab,Maharashtra (Pune),34.24,67.7,115.1,26.2,46.6,7.57,1438.2
239,2025-07-29T15:41:05.655981,22.629407,83.589851,Bihar,Himachal (Shimla),13.02,56.9,63.2,50.3,25.5,7.4,240.4
240,2025-07-29T19:08:05.655981,26.272787,80.944508,Haryana,Maharashtra (Pune),21.71,30.1,100.2,25.0,59.2,7.4,485.6
241,2025-07-29T17:26:05.655981,28.861771,84.858196,Punjab,Punjab (Ludhiana),20.41,70.8,51.4,46.2,47.9,6.57,1221.4
242,2025-07-29T19:30:05.655981,27.184994,87.478438,Karnataka,UP (Lucknow),30.12,30.7,33.5,19.5,50.8,7.44,322.9
243,2025-07-29T22:03:05.655981,25.714892,85.195929,Uttar Pradesh,Himachal (Shimla),17.37,78.9,59.2,26.7,15.1,7.97,676.1
244,2025-07-29T19:54:05.655981,25.947888,86.77929,Karnataka,UP (Lucknow),27.44,26.4,48.8,19.6,27.2,5.81,368.6
245,2025-07-30T00:06:05.655981,22.009037,76.319687,Rajasthan,Maharashtra (Pune),15.87,61.2,119.9,27.9,23.0,7.37,303.3
246,2025-07-29T21:20:05.655981,30.266321,76.756534,Rajasthan,Punjab (Ludhiana),34.37,75.8,81.0,52.9,15.1,6.97,785.6
247,2025-07-30T00:00:05.655981,29.348134,77.473267,Bihar,Bihar (Patna),14.28,42.3,91.5,30.8,41.5,5.86,1142.1
248,2025-07-30T02:16:05.655981,28.591924,81.203523,Maharashtra,Bihar (Patna),11.45,66.1,91.3,43.0,36.0,6.04,632.9
249,2025-07-30T02:29:05.655981,21.842809,78.74867,Tamil Nadu,Himachal (Shimla),23.01,60.2,41.4,35.6,25.6,6.19,971.7
250,2025-07-30T03:27:05.655981,26.724353,68.104268,Karnataka,Himachal (Shimla),30.13,89.3,76.6,54.7,41.4,6.87,913.5
251,2025-07-30T02:26:05.655981,25.248867,70.601266,Uttar Pradesh,UP (Lucknow),11.95,69.0,60.3,37.9,48.9,8.05,897.2
252,2025-07-30T04:15:05.655981,30.440696,75.386641,Haryana,Bihar (Patna),31.31,32.2,57.0,24.5,36.1,5.41,492.1
253,2025-07-30T08:35:05.655981,24.486489,85.408531,Tamil Nadu,UP (Lucknow),24.33,61.8,110.0,49.1,33.8,7.52,928.3
254,2025-07-30T07:17:05.655981,27.459165,85.319071,Punjab,Bihar (Patna),25.75,75.2,50.9,42.3,42.2,5.3,1435.0
255,2025-07-30T09:20:05.655981,26.88893,77.829461,Punjab,Maharashtra (Pune),20.93,52.0,106.0,25.9,22.9,5.4,194.0
256,2025-07-30T07:56:05.655981,21.518781,72.792459,Uttar Pradesh,UP (Lucknow),22.72,57.8,114.9,23.5,25.9,6.94,144.9
257,2025-07-30T11:06:05.655981,26.404398,71.363767,Uttar Pradesh,Bihar (Patna),33.82,87.5,75.5,12.1,50.6,8.36,950.1
258,2025-07-30T09:57:05.655981,29.304981,82.501476,Bihar,UP (Lucknow),15.27,57.8,100.2,54.2,57.3,7.22,1470.5
259,2025-07-30T13:16:05.655981,26.381315,83.746105,Haryana,Bihar (Patna),10.77,79.1,87.2,43.6,27.6,7.84,1249.8
260,2025-07-30T12:48:05.655981,23.342579,77.876173,Karnataka,Punjab (Ludhiana),17.02,83.8,90.7,20.5,19.8,7.87,624.3
261,2025-07-30T13:33:05.655981,29.476672,68.46235,Bihar,Bihar (Patna),32.08,25.1,62.7,43.7,42.5,7.99,518.3
262,2025-07-30T16:31:05.655981,30.577757,86.339904,Uttar Pradesh,Himachal (Shimla),18.23,29.1,82.5,11.4,31.6,5.08,1206.0
263,2025-07-30T17:43:05.655981,26.789345,69.710694,Punjab,Punjab (Ludhiana),19.43,82.9,89.3,49.1,13.1,7.81,129.4
264,2025-07-30T17:48:05.655981,27.509214,81.515522,Punjab,UP (Lucknow),22.93,63.2,30.8,10.6,45.7,7.08,1269.1
265,2025-07-30T18:50:05.655981,23.910639,87.405421,Maharashtra,Punjab (Ludhiana),15.93,78.2,75.9,12.7,27.2,8.42,978.8
266,2025-07-30T16:56:05.655981,27.387671,81.864411,Rajasthan,Bihar (Patna),15.33,56.2,96.8,50.7,50.4,6.32,630.5
267,2025-07-30T19:24:05.655981,24.398175,79.090099,Maharashtra,Himachal (Shimla),10.54,79.8,111.1,11.0,43.9,6.33,1191.8
268,2025-07-30T21:37:05.655981,26.995492,87.539631,Uttar Pradesh,Punjab (Ludhiana),29.08,63.2,105.4,24.7,17.4,5.87,962.7
269,2025-07-31T00:08:05.655981,25.737582,79.623734,Punjab,Himachal (Shimla),15.49,38.2,106.3,29.8,25.3,8.11,878.5
270,2025-07-30T22:54:05.655981,23.656249,69.517769,Haryana,Maharashtra (Pune),31.07,58.3,84.4,49.3,56.3,5.34,153.5
271,2025-07-31T00:19:05.655981,29.223089,83.662565,Tamil Nadu,UP (Lucknow),30.55,74.3,21.2,42.7,59.5,8.33,1304.9
272,2025-07-31T01:31:05.655981,30.43354,68.193623,Karnataka,Maharashtra (Pune),15.64,52.7,95.3,48.1,44.5,6.05,901.1
273,2025-07-31T00:42:05.655981,22.714237,81.497711,Maharashtra,Punjab (Ludhiana),30.66,64.2,22.7,19.9,55.6,6.35,348.5
274,2025-07-31T02:40:05.655981,22.299323,72.11354,Tamil Nadu,UP (Lucknow),13.97,62.4,51.0,20.1,45.8,6.61,342.5
275,2025-07-31T05:27:05.655981,23.491348,85.999292,Tamil Nadu,UP (Lucknow),19.62,67.8,89.9,14.8,44.9,5.15,1334.0
276,2025-07-31T06:45:05.655981,22.648391,72.147442,Punjab,UP (Lucknow),10.67,66.5,87.6,33.1,27.2,6.4,331.9
277,2025-07-31T04:46:05.655981,22.772366,70.483028,Tamil Nadu,Himachal (Shimla),11.94,74.6,87.7,17.7,27.9,5.76,99.9
278,2025-07-31T06:57:05.655981,22.999857,68.320769,Punjab,Punjab (Ludhiana),18.43,37.5,86.9,21.0,54.1,7.79,1254.2
279,2025-07-31T06:01:05.655981,24.891867,77.175519,Haryana,Maharashtra (Pune),26.25,49.0,26.7,20.9,25.1,7.1,1475.5
280,2025-07-31T07:04:05.655981,27.085333,79.700738,Tamil Nadu,Bihar (Patna),26.01,40.1,78.7,59.4,21.6,7.16,1350.3
281,2025-07-31T09:03:05.655981,23.781264,80.872041,Punjab,Bihar (Patna),29.79,52.0,101.3,47.5,21.5,7.57,547.0
282,2025-07-31T10:39:05.655981,22.25561,71.473516,Uttar Pradesh,Himachal (Shimla),22.69,52.7,66.7,18.2,19.9,6.48,928.5
283,2025-07-31T13:33:05.655981,29.540422,83.177166,Bihar,Bihar (Patna),23.43,60.9,37.6,29.0,25.3,5.99,865.1
284,2025-07-31T14:24:05.655981,29.849996,87.849449,Haryana,UP (Lucknow),33.3,35.6,96.3,57.9,48.6,7.63,555.4
285,2025-07-31T12:01:05.655981,22.167306,69.846116,Tamil Nadu,UP (Lucknow),27.65,88.3,28.0,55.5,53.8,5.58,669.0
286,2025-07-31T17:06:05.655981,21.015786,69.39683,Tamil Nadu,Bihar (Patna),20.42,43.7,63.1,18.8,19.3,5.47,755.4
287,2025-07-31T14:27:05.655981,24.421519,79.712928,Rajasthan,UP (Lucknow),26.82,31.6,26.1,47.6,10.4,7.04,1482.0
288,2025-07-31T15:24:05.655981,30.753051,85.461549,Haryana,Punjab (Ludhiana),21.42,70.4,92.5,54.4,16.9,7.11,1310.1
289,2025-07-31T20:03:05.655981,25.001652,80.251847,Haryana,Maharashtra (Pune),20.7,85.5,113.1,59.3,52.9,8.17,1114.7
290,2025-07-31T21:31:05.655981,23.409016,72.232816,Haryana,Punjab (Ludhiana),20.87,71.5,36.0,56.4,55.1,7.68,369.5
291,2025-07-31T19:54:05.655981,23.235508,70.313799,Haryana,Punjab (Ludhiana),12.23,73.1,113.7,47.2,15.8,6.29,1287.3
292,2025-07-31T20:47:05.655981,25.998327,77.115691,Bihar,Himachal (Shimla),28.68,80.2,102.8,11.7,26.0,6.76,1048.5
293,2025-07-31T23:15:05.655981,23.991018,84.300243,Maharashtra,Punjab (Ludhiana),23.7,46.9,87.8,59.5,47.9,6.37,815.4
294,2025-08-01T01:02:05.655981,23.910816,70.896458,Uttar Pradesh,Himachal (Shimla),28.38,25.6,92.6,38.8,43.9,8.46,264.0
295,2025-08-01T01:07:05.655981,28.758498,87.823279,Haryana,UP (Lucknow),31.62,67.3,47.5,42.7,28.4,5.42,169.8
296,2025-08-01T02:22:05.655981,29.128679,68.394928,Rajasthan,Punjab (Ludhiana),22.97,63.0,91.4,49.5,16.2,7.64,1450.2
297,2025-07-31T23:55:05.655981,23.483371,68.923325,Bihar,Bihar (Patna),21.12,62.5,89.5,36.1,59.3,6.23,830.4
298,2025-08-01T04:48:05.655981,21.832541,73.083588,Tamil Nadu,Himachal (Shimla),23.4,29.6,93.3,59.8,44.8,5.67,589.6
299,2025-08-01T04:14:05.655981,22.463296,83.961947,Bihar,Punjab (Ludhiana),12.45,88.7,42.2,57.6,49.1,5.43,813.4
300,2025-08-01T06:59:05.655981,26.923101,73.181221,Maharashtra,Himachal (Shimla),13.57,61.9,46.7,55.9,42.0,6.3,1177.4
